﻿<?xml version="1.0" encoding="utf-8" standalone="yes"?>
<rss version="2.0">
  <channel>
    <title>Microsoft News Center – News and Announcements from Microsoft</title>
    <link>http://www.microsoft.com/presspass</link>
    <description>A feed to help a journalist or other member of the media stay current on all news and announcements from Microsoft Corp.</description>
    <copyright>&amp;amp;copy; Microsoft Corporation.  All rights reserved</copyright>
    <pubDate>Thu, 28 Jul 2011 05:51:47 GMT</pubDate>
    <item>
      <title>Xbox Releases Avatar Kinect for Interactive Experiences, Kinect Sparkler Coming Later This Week</title>
      <link>http://www.microsoft.com/presspass/Features/2011/jul11/07-25KinectFunLabs.mspx?rss_fdn=Custom</link>
      <pubDate>Mon, 25 Jul 2011 16:00:00 GMT</pubDate>
      <category>Kinect for Xbox 360</category>
      <category>Consumer</category>
    </item>
    <item>
      <title>Summer Fun: Xbox Extras, Cool Windows 7 PCs, Games for Windows Phone and More</title>
      <link>http://www.microsoft.com/Presspass/Features/2011/jul11/07-22SummerFun.mspx?rss_fdn=Custom</link>
      <pubDate>Fri, 22 Jul 2011 13:00:00 GMT</pubDate>
      <category>Consumer</category>
      <category>gaming</category>
      <category>Consumer</category>
    </item>
    <item>
      <title>Kinect for Xbox 360 Brings Gaming to Kids with Disabilities</title>
      <link>http://www.microsoft.com/presspass/Features/2011/jul11/07-20Kinect.mspx?rss_fdn=Custom</link>
      <pubDate>Wed, 20 Jul 2011 13:00:00 GMT</pubDate>
      <category>Kinect for Xbox 360</category>
      <category>Accessibility</category>
      <category> gaming</category>
      <category>Consumer</category>
    </item>
    <item>
      <title>The PC Advantage: Choice, Value and Innovation</title>
      <link>http://www.microsoft.com/Presspass/Features/2011/jul11/07-14PCAdvantage.mspx?rss_fdn=Custom</link>
      <pubDate>Thu, 14 Jul 2011 17:15:00 GMT</pubDate>
      <category>Windows 7</category>
      <category>Consumer</category>
    </item>
    <item>
      <title>Dream Chasers: Winners of 2011 Imagine Cup Announced in New York City</title>
      <link>http://www.microsoft.com/Presspass/Features/2011/jul11/07-13ImagineCupWinners.mspx?rss_fdn=Custom</link>
      <pubDate>Wed, 13 Jul 2011 22:20:00 GMT</pubDate>
      <category>Imagine Cup 2011 Worldwide Finals</category>
      <category>S. Somasegar</category>
      <category>Education</category>
    </item>
  </channel>
</rss>